id,packet_size,source_node,destination_node,delay,protocol,frequency,label
1,1417.0,FCC-1,IRS-1,0.667,MIL-STD-1553,878.7,attack
2,517.0,FMS-2,EFIS-R,3.676,MIL-STD-1553,104.0,attack
3,503.0,ADIRU-2,EFIS-R,3.447,AFDX,91.7,normal
4,542.0,ADIRU-1,EFIS-R,4.099,MIL-STD-1553,95.6,normal
5,499.0,ADIRU-1,FMS-1,4.531,AFDX,88.3,attack
6,1393.0,EFIS-R,ACARS,0.597,ARINC-429,888.2,attack
7,578.0,ACARS,FCC-1,3.716,AFDX,101.1,normal
8,575.0,FMS-1,FCC-2,5.936,ARINC-629,109.4,normal
9,467.0,ADIRU-2,IRS-1,3.481,CAN-Bus,104.7,normal
10,368.0,EFIS-R,ADIRU-1,2.559,AFDX,100.7,normal
11,1225.0,ADIRU-1,FMS-2,0.391,ARINC-429,1027.7,attack
12,447.0,ACARS,ADIRU-2,4.884,MIL-STD-1553,105.1,normal
13,482.0,EFIS-L,FMS-1,3.915,ARINC-629,128.9,attack
14,636.0,ADIRU-1,IRS-1,3.825,ARINC-429,95.2,normal
15,558.0,ADIRU-1,FMS-1,4.695,AFDX,105.6,normal
16,563.0,EFIS-R,FMS-2,4.446,AFDX,118.9,attack
17,1322.0,EFIS-L,ADIRU-2,5.385,ARINC-429,73.5,attack
18,1507.0,FCC-2,FMS-1,0.383,MIL-STD-1553,1018.2,attack
19,408.0,FMS-2,EFIS-L,6.005,ARINC-429,105.5,normal
20,555.0,EFIS-L,ADIRU-2,3.444,AFDX,97.1,normal
21,684.0,FCC-2,ACARS,5.951,CAN-Bus,69.6,normal
22,467.0,ADIRU-2,FMS-2,3.767,CAN-Bus,103.7,normal
23,1259.0,ADIRU-2,FMS-2,0.315,ARINC-629,841.9,attack
24,1302.0,ADIRU-2,ADIRU-1,0.711,ARINC-629,874.0,attack
25,578.0,FMS-1,ADIRU-1,6.22,MIL-STD-1553,119.6,normal
26,433.0,FMS-2,FCC-2,4.151,MIL-STD-1553,101.5,normal
27,495.0,ADIRU-2,ACARS,4.439,AFDX,108.8,attack
28,526.0,EFIS-R,FMS-1,6.822,CAN-Bus,91.6,attack
29,328.0,EFIS-R,ACARS,2.727,ARINC-629,120.5,normal
30,511.0,ACARS,FMS-1,4.832,AFDX,118.5,attack
31,481.0,ADIRU-2,FCC-2,3.985,ARINC-429,109.2,normal
32,518.0,IRS-1,FCC-2,3.708,AFDX,122.8,normal
33,493.0,FMS-1,EFIS-R,2.877,CAN-Bus,93.7,normal
34,509.0,ADIRU-2,ADIRU-1,7.347,AFDX,60.7,normal
35,306.0,EFIS-R,FCC-2,10.018,MIL-STD-1553,215.3,attack
36,489.0,ACARS,FCC-1,5.484,ARINC-429,87.6,normal
37,494.0,ACARS,EFIS-L,5.101,ARINC-629,78.6,normal
38,627.0,IRS-1,EFIS-R,2.846,CAN-Bus,117.4,normal
39,577.0,FMS-1,IRS-1,3.154,CAN-Bus,103.4,normal
40,519.0,FCC-1,EFIS-R,8.472,MIL-STD-1553,72.0,normal
41,481.0,FCC-2,ADIRU-1,5.17,ARINC-629,109.9,normal
42,455.0,ADIRU-1,EFIS-R,6.019,ARINC-629,89.0,normal
43,465.0,ACARS,EFIS-R,5.177,MIL-STD-1553,91.4,attack
44,562.0,ADIRU-2,FMS-1,3.714,ARINC-429,83.9,normal
45,529.0,FMS-1,ACARS,5.068,ARINC-629,90.2,normal
46,391.0,ADIRU-2,FCC-1,4.33,ARINC-429,112.8,normal
47,543.0,FMS-1,IRS-1,3.807,ARINC-429,88.2,attack
48,201.0,ACARS,FMS-2,16.018,CAN-Bus,97.5,attack
49,458.0,ACARS,ADIRU-1,6.463,MIL-STD-1553,97.8,normal
50,528.0,FMS-1,FMS-2,4.53,ARINC-429,107.3,attack
51,579.0,FMS-1,EFIS-L,3.305,MIL-STD-1553,107.9,normal
52,490.0,IRS-1,ADIRU-2,6.076,MIL-STD-1553,122.5,normal
53,555.0,FCC-2,FCC-1,5.338,AFDX,90.5,attack
54,599.0,ADIRU-2,IRS-1,5.096,AFDX,83.8,normal
55,437.0,EFIS-L,FMS-2,17.585,CAN-Bus,400.7,attack
56,1482.0,ADIRU-2,FCC-2,8.613,ARINC-429,198.3,attack
57,473.0,IRS-1,ACARS,4.116,MIL-STD-1553,112.7,normal
58,528.0,ACARS,FCC-2,4.1,ARINC-629,101.0,normal
59,531.0,ADIRU-2,FMS-2,6.156,AFDX,77.8,normal
60,578.0,EFIS-L,FMS-1,5.131,CAN-Bus,95.5,normal
61,1425.0,ADIRU-2,EFIS-L,0.829,CAN-Bus,869.4,attack
62,628.0,ACARS,EFIS-R,4.603,ARINC-429,140.8,normal
63,439.0,FCC-1,IRS-1,2.882,ARINC-629,122.0,normal
64,479.0,ACARS,EFIS-R,4.269,AFDX,93.5,normal
65,572.0,FMS-2,ACARS,2.496,CAN-Bus,108.2,normal
66,520.0,EFIS-R,EFIS-L,6.453,AFDX,89.5,normal
67,506.0,ADIRU-2,FMS-2,6.505,ARINC-429,105.4,normal
68,1471.0,FMS-1,ADIRU-1,0.388,ARINC-429,1000.6,attack
69,492.0,ACARS,EFIS-L,3.869,ARINC-629,86.7,normal
70,544.0,FCC-1,FMS-1,4.369,AFDX,104.3,normal
71,432.0,ACARS,FCC-1,3.179,CAN-Bus,117.4,normal
72,687.0,FMS-2,IRS-1,3.788,AFDX,87.4,normal
73,996.0,FMS-2,EFIS-L,4.84,MIL-STD-1553,58.7,attack
74,604.0,EFIS-R,FCC-1,5.508,AFDX,93.8,normal
75,662.0,FCC-1,ADIRU-2,6.426,MIL-STD-1553,91.3,normal
76,515.0,ADIRU-2,IRS-1,5.246,ARINC-429,107.9,attack
77,474.0,EFIS-R,ADIRU-2,4.02,AFDX,126.5,normal
78,682.0,FCC-1,EFIS-R,6.549,MIL-STD-1553,77.2,normal
79,517.0,ACARS,ADIRU-2,3.286,MIL-STD-1553,105.4,normal
80,525.0,FMS-2,ADIRU-2,4.58,CAN-Bus,106.6,attack
81,583.0,FCC-1,FMS-1,4.988,AFDX,122.2,normal
82,456.0,ACARS,FCC-1,5.321,MIL-STD-1553,98.3,normal
83,487.0,ADIRU-2,FCC-2,5.497,AFDX,114.6,normal
84,628.0,FMS-2,FCC-1,6.439,MIL-STD-1553,132.3,normal
85,527.0,FCC-2,FCC-1,4.007,CAN-Bus,112.8,normal
86,532.0,EFIS-R,FMS-1,4.24,ARINC-429,92.9,normal
87,510.0,EFIS-R,IRS-1,3.496,AFDX,99.7,normal
88,450.0,EFIS-R,FCC-1,4.645,ARINC-429,92.7,normal
89,454.0,EFIS-L,FCC-2,4.309,CAN-Bus,115.9,normal
90,464.0,FMS-1,ADIRU-1,7.778,ARINC-629,99.8,normal
91,563.0,FMS-2,EFIS-R,8.406,ARINC-629,102.7,normal
92,561.0,FMS-2,FCC-2,4.969,ARINC-429,101.8,normal
93,402.0,ADIRU-1,ACARS,3.593,ARINC-629,107.7,normal
94,507.0,ADIRU-2,FCC-2,4.925,AFDX,110.3,attack
95,510.0,ADIRU-1,ADIRU-2,5.09,AFDX,136.9,normal
96,539.0,FMS-1,EFIS-L,2.355,CAN-Bus,104.9,normal
97,481.0,FCC-2,FMS-2,6.509,ARINC-629,91.3,normal
98,509.0,FMS-2,EFIS-R,1.899,ARINC-429,98.7,normal
99,518.0,FMS-1,IRS-1,4.159,MIL-STD-1553,87.4,attack
100,557.0,EFIS-R,ADIRU-2,6.625,CAN-Bus,115.8,normal
101,385.0,FMS-1,EFIS-L,13.471,CAN-Bus,19.7,attack
102,553.0,EFIS-R,EFIS-L,5.773,ARINC-629,157.8,normal
103,486.0,ADIRU-1,FMS-2,4.412,ARINC-629,78.0,normal
104,464.0,ADIRU-1,FMS-1,5.13,ARINC-429,97.7,normal
105,1513.0,EFIS-L,ACARS,0.484,AFDX,912.8,attack
106,529.0,EFIS-R,IRS-1,4.337,AFDX,101.4,attack
107,677.0,ADIRU-1,FMS-2,7.633,ARINC-429,96.3,normal
108,594.0,ADIRU-2,FMS-2,6.397,ARINC-429,87.4,normal
109,627.0,ACARS,FCC-2,1.293,ARINC-629,88.0,normal
110,534.0,FCC-2,EFIS-R,4.066,CAN-Bus,96.9,normal
111,375.0,FCC-1,ACARS,7.031,ARINC-629,98.3,normal
112,488.0,ADIRU-2,FCC-1,3.471,CAN-Bus,103.2,attack
113,548.0,ACARS,EFIS-R,6.162,ARINC-629,86.1,normal
114,1419.0,IRS-1,FCC-1,0.349,ARINC-629,901.1,attack
115,1014.0,FCC-2,IRS-1,3.59,CAN-Bus,458.1,attack
116,455.0,FCC-1,FCC-2,4.68,MIL-STD-1553,104.7,normal
117,376.0,ACARS,IRS-1,4.917,ARINC-629,105.8,normal
118,1410.0,ACARS,FMS-2,0.15,AFDX,849.4,attack
119,474.0,IRS-1,FCC-1,5.718,ARINC-429,105.0,normal
120,524.0,ADIRU-1,FMS-1,5.108,AFDX,109.4,attack
121,545.0,ACARS,ADIRU-1,6.233,MIL-STD-1553,128.5,normal
122,552.0,ACARS,IRS-1,3.534,CAN-Bus,101.5,normal
123,605.0,EFIS-L,EFIS-R,5.382,MIL-STD-1553,105.1,normal
124,665.0,ADIRU-1,FCC-1,2.902,ARINC-429,108.4,normal
125,521.0,FCC-1,ADIRU-1,6.769,MIL-STD-1553,101.0,normal
126,125.0,FMS-1,FMS-2,9.978,ARINC-429,302.5,attack
127,497.0,IRS-1,FCC-2,5.452,AFDX,99.5,normal
128,451.0,ADIRU-2,FMS-1,6.308,ARINC-429,102.8,normal
129,532.0,EFIS-R,ADIRU-1,4.311,CAN-Bus,87.3,normal
130,564.0,FMS-1,EFIS-R,4.29,CAN-Bus,91.6,attack
131,422.0,FMS-1,EFIS-L,2.699,CAN-Bus,119.2,normal
132,446.0,FMS-1,ADIRU-2,4.518,MIL-STD-1553,106.2,normal
133,460.0,EFIS-L,ADIRU-2,4.269,ARINC-629,91.1,normal
134,630.0,ADIRU-1,FMS-2,6.286,ARINC-629,97.6,normal
135,389.0,ACARS,FCC-1,0.938,ARINC-429,18.8,attack
136,1412.0,ACARS,FCC-1,15.996,AFDX,499.0,attack
137,494.0,FMS-1,ADIRU-2,5.921,AFDX,111.4,normal
138,533.0,EFIS-R,FMS-1,3.644,ARINC-629,109.6,normal
139,460.0,ADIRU-2,FMS-2,5.071,AFDX,87.1,normal
140,638.0,FCC-2,IRS-1,6.151,ARINC-429,93.0,normal
141,531.0,FCC-2,EFIS-R,2.828,MIL-STD-1553,78.9,normal
142,371.0,ACARS,FCC-2,3.225,AFDX,69.4,normal
143,379.0,FMS-1,IRS-1,4.901,AFDX,81.8,normal
144,554.0,FCC-2,ADIRU-2,7.299,CAN-Bus,98.4,normal
145,907.0,IRS-1,EFIS-L,8.04,ARINC-629,36.8,attack
146,1112.0,FCC-2,FCC-1,16.151,MIL-STD-1553,332.8,attack
147,464.0,IRS-1,ADIRU-1,1.814,ARINC-629,92.1,normal
148,567.0,FCC-2,FMS-1,2.581,ARINC-629,92.9,normal
149,538.0,ADIRU-2,EFIS-L,4.205,ARINC-629,107.7,normal
150,544.0,FCC-1,ADIRU-2,3.109,AFDX,113.8,normal
151,1413.0,FCC-1,ACARS,0.706,MIL-STD-1553,831.2,attack
152,560.0,ACARS,FMS-1,3.773,CAN-Bus,131.4,normal
153,1282.0,FMS-1,FMS-2,0.541,CAN-Bus,973.2,attack
154,644.0,ACARS,EFIS-R,4.626,ARINC-629,108.6,normal
155,1325.0,FMS-1,EFIS-R,18.9,AFDX,239.0,attack
156,657.0,IRS-1,ADIRU-2,7.724,AFDX,264.3,attack
157,410.0,ADIRU-2,EFIS-L,3.137,MIL-STD-1553,83.1,attack
158,543.0,FCC-1,EFIS-L,3.674,ARINC-429,102.3,normal
159,595.0,EFIS-L,ADIRU-1,4.235,AFDX,96.0,normal
160,473.0,EFIS-R,FMS-1,6.9,AFDX,89.4,normal
161,528.0,ACARS,EFIS-L,4.145,ARINC-429,80.0,attack
162,537.0,FCC-2,FMS-2,9.618,CAN-Bus,116.8,normal
163,529.0,EFIS-L,FCC-2,2.06,MIL-STD-1553,80.1,normal
164,544.0,ADIRU-1,IRS-1,7.829,AFDX,102.6,normal
165,447.0,EFIS-L,FMS-1,4.247,ARINC-429,113.7,normal
166,435.0,FMS-2,EFIS-R,6.029,CAN-Bus,115.9,normal
167,471.0,FMS-1,FCC-1,4.356,MIL-STD-1553,90.4,attack
168,535.0,ADIRU-2,FMS-2,4.648,AFDX,104.7,attack
169,534.0,ACARS,ADIRU-2,4.925,ARINC-429,96.4,normal
170,531.0,FMS-1,ADIRU-2,5.44,ARINC-429,89.3,normal
171,356.0,ADIRU-2,FCC-1,4.772,CAN-Bus,108.8,normal
172,1559.0,FMS-2,ADIRU-1,0.398,ARINC-629,870.8,attack
173,118.0,EFIS-R,FMS-1,3.409,MIL-STD-1553,371.6,attack
174,400.0,FCC-2,IRS-1,5.88,MIL-STD-1553,132.9,normal
175,398.0,FMS-2,FCC-1,4.34,ARINC-429,102.0,normal
176,1453.0,IRS-1,FMS-1,0.824,ARINC-629,1075.6,attack
177,522.0,FMS-2,FMS-1,5.772,ARINC-429,110.7,normal
178,519.0,ADIRU-2,EFIS-L,2.019,ARINC-429,96.7,normal
179,427.0,FCC-2,IRS-1,14.496,ARINC-429,253.0,attack
180,590.0,FCC-2,EFIS-R,5.968,MIL-STD-1553,120.5,normal
181,527.0,EFIS-L,FMS-2,4.539,AFDX,113.7,attack
182,552.0,FCC-2,FCC-1,4.793,MIL-STD-1553,109.7,normal
183,507.0,EFIS-R,FMS-1,10.836,CAN-Bus,397.5,attack
184,522.0,FCC-1,FMS-1,5.779,CAN-Bus,89.8,attack
185,446.0,ADIRU-1,FMS-2,4.16,AFDX,111.2,normal
186,318.0,FMS-1,IRS-1,10.884,AFDX,437.7,attack
187,547.0,FCC-2,IRS-1,4.687,ARINC-629,123.1,attack
188,439.0,EFIS-R,ADIRU-1,4.135,AFDX,111.3,normal
189,541.0,FMS-1,ADIRU-2,3.961,MIL-STD-1553,113.5,normal
190,533.0,FCC-2,FCC-1,4.888,ARINC-429,71.2,normal
191,551.0,FMS-2,FCC-1,4.665,CAN-Bus,110.7,normal
192,507.0,EFIS-L,FMS-2,6.433,AFDX,85.2,normal
193,1259.0,ADIRU-1,FMS-2,0.749,CAN-Bus,776.4,attack
194,1536.0,EFIS-L,FMS-1,0.288,AFDX,909.0,attack
195,221.0,FCC-2,EFIS-R,11.573,ARINC-429,144.3,attack
196,427.0,FMS-2,FCC-2,6.234,ARINC-429,81.7,normal
197,475.0,EFIS-L,FCC-2,5.635,CAN-Bus,106.2,attack
198,459.0,FCC-2,ADIRU-2,5.822,AFDX,94.9,attack
199,541.0,ADIRU-2,FCC-1,7.217,MIL-STD-1553,92.2,normal
200,147.0,FCC-2,FMS-2,15.024,ARINC-629,112.9,attack
201,531.0,FCC-1,ADIRU-1,2.13,ARINC-629,74.1,normal
202,530.0,ACARS,ADIRU-1,5.019,AFDX,101.5,normal
203,536.0,ADIRU-2,IRS-1,5.392,CAN-Bus,100.1,normal
204,1168.0,ADIRU-2,FCC-2,0.536,ARINC-429,1161.5,attack
205,460.0,ADIRU-2,ADIRU-1,3.378,ARINC-429,125.3,normal
206,1387.0,FMS-1,FCC-2,0.511,MIL-STD-1553,1037.5,attack
207,536.0,IRS-1,EFIS-R,5.71,AFDX,99.3,attack
208,539.0,EFIS-L,IRS-1,3.877,MIL-STD-1553,123.3,normal
209,550.0,ACARS,ADIRU-2,4.891,CAN-Bus,87.3,normal
210,562.0,FCC-1,FMS-1,3.399,AFDX,97.9,normal
211,451.0,ADIRU-1,ADIRU-2,5.226,AFDX,105.1,normal
212,1339.0,FMS-2,ACARS,19.117,AFDX,432.4,attack
213,468.0,EFIS-R,FMS-1,5.166,ARINC-429,82.7,normal
214,558.0,FCC-2,ADIRU-1,6.703,AFDX,114.3,normal
215,516.0,EFIS-R,FMS-1,5.223,CAN-Bus,102.9,attack
216,529.0,FCC-1,FMS-1,3.131,ARINC-429,102.6,normal
217,427.0,FCC-1,FMS-2,5.71,CAN-Bus,86.2,normal
218,458.0,ADIRU-1,ACARS,5.346,CAN-Bus,96.0,attack
219,470.0,IRS-1,FMS-2,4.136,AFDX,95.9,normal
220,575.0,FMS-1,IRS-1,3.636,ARINC-429,121.0,normal
221,450.0,ADIRU-1,FCC-1,5.037,MIL-STD-1553,107.5,normal
222,1313.0,EFIS-R,ACARS,0.659,ARINC-429,926.0,attack
223,1377.0,EFIS-R,ADIRU-1,7.312,ARINC-629,294.5,attack
224,416.0,ADIRU-1,FMS-2,7.947,AFDX,100.5,normal
225,460.0,IRS-1,ADIRU-1,5.542,CAN-Bus,123.1,normal
226,1462.0,IRS-1,FMS-1,0.667,ARINC-429,986.7,attack
227,511.0,FMS-1,FCC-2,3.654,ARINC-429,101.1,normal
228,581.0,ADIRU-1,EFIS-R,3.2,AFDX,95.0,normal
229,271.0,FCC-2,FMS-1,11.568,MIL-STD-1553,307.3,attack
230,1168.0,IRS-1,FCC-2,0.454,MIL-STD-1553,1000.3,attack
231,419.0,EFIS-L,ACARS,6.714,CAN-Bus,111.3,normal
232,477.0,EFIS-R,ACARS,3.769,ARINC-629,99.2,attack
233,1454.0,ADIRU-1,ACARS,0.717,ARINC-629,882.0,attack
234,468.0,FCC-2,ACARS,4.602,AFDX,97.1,attack
235,434.0,ADIRU-1,FCC-1,4.334,MIL-STD-1553,105.7,normal
236,503.0,EFIS-R,IRS-1,4.548,ARINC-429,77.8,normal
237,617.0,ADIRU-2,ADIRU-1,2.589,MIL-STD-1553,102.8,normal
238,639.0,EFIS-L,FCC-2,3.143,CAN-Bus,132.0,normal
239,312.0,FCC-1,ADIRU-2,11.402,CAN-Bus,458.6,attack
240,1005.0,FMS-1,ADIRU-2,0.639,ARINC-629,118.8,attack
241,1349.0,EFIS-R,ACARS,0.01,ARINC-629,1023.6,attack
242,1056.0,FMS-2,EFIS-L,10.9,MIL-STD-1553,133.4,attack
243,528.0,ADIRU-2,FMS-2,3.865,ARINC-629,78.7,normal
244,472.0,EFIS-L,ADIRU-1,2.674,AFDX,101.0,normal
245,967.0,ACARS,FMS-1,0.361,AFDX,335.1,attack
246,518.0,FCC-1,EFIS-R,7.443,ARINC-429,79.3,normal
247,513.0,EFIS-L,IRS-1,7.515,CAN-Bus,104.9,normal
248,492.0,EFIS-R,EFIS-L,4.708,ARINC-429,99.9,attack
249,1012.0,FCC-1,EFIS-R,18.743,CAN-Bus,369.0,attack
250,555.0,IRS-1,EFIS-L,4.305,ARINC-429,93.0,normal
251,514.0,FCC-2,FMS-1,6.023,MIL-STD-1553,95.3,normal
252,565.0,EFIS-R,FCC-2,3.538,CAN-Bus,111.8,normal
253,611.0,ADIRU-2,ACARS,2.608,MIL-STD-1553,91.0,normal
254,634.0,ADIRU-2,FMS-1,4.649,ARINC-629,96.5,normal
255,659.0,ADIRU-1,FCC-2,6.769,AFDX,93.0,normal
256,496.0,ACARS,ADIRU-2,4.673,CAN-Bus,116.5,normal
257,406.0,FCC-1,EFIS-L,5.783,AFDX,104.5,normal
258,449.0,FCC-1,ADIRU-1,4.828,ARINC-629,107.6,normal
259,1380.0,ADIRU-2,FMS-1,0.509,CAN-Bus,1092.6,attack
260,485.0,EFIS-L,FMS-2,3.797,ARINC-629,97.6,normal
261,513.0,ACARS,ADIRU-1,3.528,ARINC-429,106.9,normal
262,661.0,ADIRU-2,FCC-2,5.711,ARINC-429,82.1,normal
263,445.0,FCC-1,FMS-2,0.466,ARINC-429,458.0,attack
264,528.0,FMS-2,FMS-1,6.108,ARINC-429,102.6,normal
265,492.0,FCC-1,IRS-1,3.128,ARINC-429,124.5,normal
266,442.0,EFIS-R,EFIS-L,2.926,ARINC-629,113.9,normal
267,502.0,ADIRU-1,EFIS-R,5.112,ARINC-429,104.8,attack
268,512.0,FMS-1,ADIRU-2,5.07,ARINC-629,93.2,normal
269,375.0,ACARS,IRS-1,10.786,AFDX,300.5,attack
270,552.0,IRS-1,FCC-1,5.359,ARINC-629,100.3,attack
271,605.0,ADIRU-1,ADIRU-2,3.769,AFDX,114.5,normal
272,532.0,FCC-1,ADIRU-1,5.52,MIL-STD-1553,89.8,normal
273,459.0,ACARS,EFIS-L,5.856,CAN-Bus,88.6,normal
274,431.0,FMS-2,FMS-1,2.194,AFDX,94.7,normal
275,549.0,FCC-1,ADIRU-1,5.466,MIL-STD-1553,109.2,attack
276,678.0,EFIS-L,FCC-1,6.307,CAN-Bus,95.1,normal
277,443.0,ACARS,EFIS-R,5.073,ARINC-429,87.5,normal
278,534.0,EFIS-L,FMS-2,6.241,AFDX,100.2,normal
279,533.0,ADIRU-1,IRS-1,6.173,CAN-Bus,81.4,normal
280,538.0,ADIRU-2,FMS-2,4.123,MIL-STD-1553,112.6,attack
281,1663.0,EFIS-R,FMS-1,0.622,ARINC-629,828.5,attack
282,416.0,ADIRU-1,EFIS-L,6.219,MIL-STD-1553,120.3,normal
283,502.0,IRS-1,FMS-2,3.567,ARINC-429,75.9,normal
284,496.0,IRS-1,ADIRU-2,4.497,MIL-STD-1553,94.5,attack
285,494.0,IRS-1,ADIRU-2,6.244,AFDX,66.8,normal
286,519.0,ADIRU-1,FMS-2,5.297,AFDX,79.2,attack
287,437.0,FMS-1,IRS-1,4.229,MIL-STD-1553,84.1,normal
288,440.0,EFIS-L,ADIRU-2,5.738,MIL-STD-1553,80.2,normal
289,552.0,FMS-1,IRS-1,4.205,ARINC-629,88.1,normal
290,537.0,ADIRU-2,FMS-2,6.219,AFDX,109.4,normal
291,507.0,ADIRU-2,FMS-2,0.138,ARINC-629,84.6,normal
292,1374.0,ACARS,FMS-2,0.275,AFDX,938.1,attack
293,544.0,FCC-1,EFIS-L,6.035,CAN-Bus,94.0,normal
294,1308.0,ADIRU-2,FCC-2,14.196,ARINC-429,420.1,attack
295,474.0,FMS-1,ACARS,4.722,MIL-STD-1553,83.4,normal
296,608.0,EFIS-L,ACARS,4.388,ARINC-429,69.4,normal
297,564.0,FMS-2,EFIS-R,4.527,AFDX,111.4,normal
298,538.0,FMS-1,ADIRU-1,4.805,AFDX,101.5,normal
299,1427.0,FMS-1,EFIS-L,0.678,AFDX,956.6,attack
300,614.0,EFIS-R,FCC-2,4.113,ARINC-429,108.2,normal
